Id,Expected
img0.jpg,apu_nahasapeemapetilon
img1.jpg,bart_simpson
img10.jpg,homer_simpson
img100.jpg,bart_simpson
img101.jpg,apu_nahasapeemapetilon
img102.jpg,apu_nahasapeemapetilon
img103.jpg,apu_nahasapeemapetilon
img104.jpg,homer_simpson
img105.jpg,bart_simpson
img106.jpg,apu_nahasapeemapetilon
img107.jpg,apu_nahasapeemapetilon
img108.jpg,bart_simpson
img109.jpg,apu_nahasapeemapetilon
img11.jpg,barney_gumble
img110.jpg,barney_gumble
img111.jpg,apu_nahasapeemapetilon
img112.jpg,abraham_grampa_simpson
img113.jpg,apu_nahasapeemapetilon
img114.jpg,homer_simpson
img115.jpg,bart_simpson
img116.jpg,bart_simpson
img117.jpg,agnes_skinner
img118.jpg,homer_simpson
img119.jpg,homer_simpson
img12.jpg,homer_simpson
img120.jpg,apu_nahasapeemapetilon
img121.jpg,apu_nahasapeemapetilon
img122.jpg,apu_nahasapeemapetilon
img123.jpg,apu_nahasapeemapetilon
img124.jpg,homer_simpson
img125.jpg,apu_nahasapeemapetilon
img126.jpg,bart_simpson
img127.jpg,apu_nahasapeemapetilon
img128.jpg,homer_simpson
img129.jpg,abraham_grampa_simpson
img13.jpg,abraham_grampa_simpson
img130.jpg,bart_simpson
img131.jpg,bart_simpson
img132.jpg,agnes_skinner
img133.jpg,apu_nahasapeemapetilon
img134.jpg,barney_gumble
img135.jpg,bart_simpson
img136.jpg,abraham_grampa_simpson
img137.jpg,homer_simpson
img138.jpg,apu_nahasapeemapetilon
img139.jpg,abraham_grampa_simpson
img14.jpg,barney_gumble
img140.jpg,homer_simpson
img141.jpg,homer_simpson
img142.jpg,abraham_grampa_simpson
img143.jpg,abraham_grampa_simpson
img144.jpg,abraham_grampa_simpson
img145.jpg,apu_nahasapeemapetilon
img146.jpg,homer_simpson
img147.jpg,apu_nahasapeemapetilon
img148.jpg,homer_simpson
img149.jpg,apu_nahasapeemapetilon
img15.jpg,barney_gumble
img150.jpg,homer_simpson
img151.jpg,apu_nahasapeemapetilon
img152.jpg,apu_nahasapeemapetilon
img153.jpg,agnes_skinner
img154.jpg,barney_gumble
img155.jpg,apu_nahasapeemapetilon
img156.jpg,agnes_skinner
img157.jpg,apu_nahasapeemapetilon
img158.jpg,homer_simpson
img159.jpg,apu_nahasapeemapetilon
img16.jpg,homer_simpson
img160.jpg,bart_simpson
img161.jpg,apu_nahasapeemapetilon
img162.jpg,apu_nahasapeemapetilon
img163.jpg,homer_simpson
img164.jpg,apu_nahasapeemapetilon
img165.jpg,abraham_grampa_simpson
img166.jpg,bart_simpson
img167.jpg,bart_simpson
img168.jpg,agnes_skinner
img169.jpg,apu_nahasapeemapetilon
img17.jpg,apu_nahasapeemapetilon
img170.jpg,agnes_skinner
img171.jpg,abraham_grampa_simpson
img172.jpg,bart_simpson
img173.jpg,abraham_grampa_simpson
img174.jpg,abraham_grampa_simpson
img175.jpg,bart_simpson
img176.jpg,apu_nahasapeemapetilon
img177.jpg,barney_gumble
img178.jpg,abraham_grampa_simpson
img179.jpg,abraham_grampa_simpson
img18.jpg,homer_simpson
img180.jpg,apu_nahasapeemapetilon
img181.jpg,barney_gumble
img182.jpg,abraham_grampa_simpson
img183.jpg,bart_simpson
img184.jpg,bart_simpson
img185.jpg,barney_gumble
img186.jpg,bart_simpson
img187.jpg,bart_simpson
img188.jpg,bart_simpson
img189.jpg,agnes_skinner
img19.jpg,barney_gumble
img190.jpg,barney_gumble
img191.jpg,apu_nahasapeemapetilon
img192.jpg,apu_nahasapeemapetilon
img193.jpg,bart_simpson
img194.jpg,apu_nahasapeemapetilon
img195.jpg,homer_simpson
img196.jpg,apu_nahasapeemapetilon
img197.jpg,apu_nahasapeemapetilon
img198.jpg,abraham_grampa_simpson
img199.jpg,apu_nahasapeemapetilon
img2.jpg,apu_nahasapeemapetilon
img20.jpg,homer_simpson
img200.jpg,apu_nahasapeemapetilon
img201.jpg,apu_nahasapeemapetilon
img202.jpg,barney_gumble
img203.jpg,apu_nahasapeemapetilon
img204.jpg,abraham_grampa_simpson
img205.jpg,apu_nahasapeemapetilon
img206.jpg,homer_simpson
img207.jpg,barney_gumble
img208.jpg,abraham_grampa_simpson
img209.jpg,bart_simpson
img21.jpg,abraham_grampa_simpson
img210.jpg,bart_simpson
img211.jpg,apu_nahasapeemapetilon
img212.jpg,agnes_skinner
img213.jpg,abraham_grampa_simpson
img214.jpg,barney_gumble
img215.jpg,apu_nahasapeemapetilon
img216.jpg,homer_simpson
img217.jpg,abraham_grampa_simpson
img218.jpg,homer_simpson
img219.jpg,barney_gumble
img22.jpg,barney_gumble
img220.jpg,homer_simpson
img221.jpg,bart_simpson
img222.jpg,agnes_skinner
img223.jpg,apu_nahasapeemapetilon
img224.jpg,homer_simpson
img225.jpg,apu_nahasapeemapetilon
img226.jpg,barney_gumble
img227.jpg,bart_simpson
img228.jpg,bart_simpson
img229.jpg,bart_simpson
img23.jpg,apu_nahasapeemapetilon
img230.jpg,barney_gumble
img231.jpg,barney_gumble
img232.jpg,apu_nahasapeemapetilon
img233.jpg,abraham_grampa_simpson
img234.jpg,abraham_grampa_simpson
img235.jpg,bart_simpson
img236.jpg,homer_simpson
img237.jpg,apu_nahasapeemapetilon
img238.jpg,apu_nahasapeemapetilon
img239.jpg,abraham_grampa_simpson
img24.jpg,barney_gumble
img240.jpg,barney_gumble
img241.jpg,barney_gumble
img242.jpg,apu_nahasapeemapetilon
img243.jpg,apu_nahasapeemapetilon
img244.jpg,abraham_grampa_simpson
img245.jpg,apu_nahasapeemapetilon
img246.jpg,abraham_grampa_simpson
img247.jpg,agnes_skinner
img248.jpg,bart_simpson
img249.jpg,homer_simpson
img25.jpg,apu_nahasapeemapetilon
img250.jpg,agnes_skinner
img251.jpg,homer_simpson
img252.jpg,bart_simpson
img253.jpg,apu_nahasapeemapetilon
img254.jpg,agnes_skinner
img255.jpg,abraham_grampa_simpson
img256.jpg,apu_nahasapeemapetilon
img257.jpg,apu_nahasapeemapetilon
img258.jpg,abraham_grampa_simpson
img259.jpg,bart_simpson
img26.jpg,abraham_grampa_simpson
img260.jpg,abraham_grampa_simpson
img261.jpg,abraham_grampa_simpson
img262.jpg,homer_simpson
img263.jpg,abraham_grampa_simpson
img264.jpg,agnes_skinner
img265.jpg,abraham_grampa_simpson
img266.jpg,apu_nahasapeemapetilon
img267.jpg,apu_nahasapeemapetilon
img268.jpg,apu_nahasapeemapetilon
img269.jpg,apu_nahasapeemapetilon
img27.jpg,apu_nahasapeemapetilon
img270.jpg,apu_nahasapeemapetilon
img271.jpg,apu_nahasapeemapetilon
img272.jpg,apu_nahasapeemapetilon
img273.jpg,bart_simpson
img274.jpg,barney_gumble
img275.jpg,apu_nahasapeemapetilon
img276.jpg,apu_nahasapeemapetilon
img277.jpg,apu_nahasapeemapetilon
img278.jpg,bart_simpson
img279.jpg,abraham_grampa_simpson
img28.jpg,homer_simpson
img280.jpg,apu_nahasapeemapetilon
img281.jpg,abraham_grampa_simpson
img282.jpg,apu_nahasapeemapetilon
img283.jpg,homer_simpson
img284.jpg,apu_nahasapeemapetilon
img285.jpg,agnes_skinner
img286.jpg,apu_nahasapeemapetilon
img287.jpg,homer_simpson
img288.jpg,apu_nahasapeemapetilon
img289.jpg,agnes_skinner
img29.jpg,abraham_grampa_simpson
img290.jpg,homer_simpson
img291.jpg,apu_nahasapeemapetilon
img292.jpg,apu_nahasapeemapetilon
img293.jpg,bart_simpson
img294.jpg,apu_nahasapeemapetilon
img295.jpg,bart_simpson
img296.jpg,apu_nahasapeemapetilon
img297.jpg,agnes_skinner
img298.jpg,abraham_grampa_simpson
img299.jpg,apu_nahasapeemapetilon
img3.jpg,abraham_grampa_simpson
img30.jpg,apu_nahasapeemapetilon
img300.jpg,apu_nahasapeemapetilon
img301.jpg,apu_nahasapeemapetilon
img302.jpg,bart_simpson
img303.jpg,homer_simpson
img304.jpg,apu_nahasapeemapetilon
img305.jpg,apu_nahasapeemapetilon
img306.jpg,bart_simpson
img307.jpg,apu_nahasapeemapetilon
img308.jpg,abraham_grampa_simpson
img309.jpg,agnes_skinner
img31.jpg,apu_nahasapeemapetilon
img310.jpg,barney_gumble
img311.jpg,bart_simpson
img312.jpg,apu_nahasapeemapetilon
img313.jpg,apu_nahasapeemapetilon
img314.jpg,apu_nahasapeemapetilon
img315.jpg,agnes_skinner
img316.jpg,apu_nahasapeemapetilon
img317.jpg,abraham_grampa_simpson
img318.jpg,abraham_grampa_simpson
img319.jpg,homer_simpson
img32.jpg,bart_simpson
img320.jpg,abraham_grampa_simpson
img321.jpg,apu_nahasapeemapetilon
img322.jpg,bart_simpson
img323.jpg,bart_simpson
img324.jpg,homer_simpson
img325.jpg,agnes_skinner
img326.jpg,abraham_grampa_simpson
img327.jpg,apu_nahasapeemapetilon
img328.jpg,apu_nahasapeemapetilon
img329.jpg,apu_nahasapeemapetilon
img33.jpg,bart_simpson
img330.jpg,apu_nahasapeemapetilon
img331.jpg,apu_nahasapeemapetilon
img332.jpg,agnes_skinner
img333.jpg,agnes_skinner
img334.jpg,barney_gumble
img335.jpg,homer_simpson
img336.jpg,bart_simpson
img337.jpg,abraham_grampa_simpson
img338.jpg,apu_nahasapeemapetilon
img339.jpg,bart_simpson
img34.jpg,apu_nahasapeemapetilon
img340.jpg,homer_simpson
img341.jpg,bart_simpson
img342.jpg,apu_nahasapeemapetilon
img343.jpg,apu_nahasapeemapetilon
img344.jpg,barney_gumble
img345.jpg,abraham_grampa_simpson
img346.jpg,barney_gumble
img347.jpg,barney_gumble
img348.jpg,bart_simpson
img349.jpg,apu_nahasapeemapetilon
img35.jpg,apu_nahasapeemapetilon
img350.jpg,agnes_skinner
img351.jpg,homer_simpson
img352.jpg,agnes_skinner
img353.jpg,homer_simpson
img354.jpg,abraham_grampa_simpson
img355.jpg,homer_simpson
img356.jpg,apu_nahasapeemapetilon
img357.jpg,apu_nahasapeemapetilon
img358.jpg,abraham_grampa_simpson
img359.jpg,abraham_grampa_simpson
img36.jpg,apu_nahasapeemapetilon
img360.jpg,apu_nahasapeemapetilon
img361.jpg,barney_gumble
img362.jpg,bart_simpson
img363.jpg,homer_simpson
img364.jpg,apu_nahasapeemapetilon
img365.jpg,bart_simpson
img366.jpg,barney_gumble
img367.jpg,abraham_grampa_simpson
img368.jpg,agnes_skinner
img369.jpg,homer_simpson
img37.jpg,bart_simpson
img370.jpg,abraham_grampa_simpson
img371.jpg,homer_simpson
img372.jpg,abraham_grampa_simpson
img373.jpg,agnes_skinner
img374.jpg,apu_nahasapeemapetilon
img375.jpg,abraham_grampa_simpson
img376.jpg,abraham_grampa_simpson
img377.jpg,apu_nahasapeemapetilon
img378.jpg,barney_gumble
img379.jpg,bart_simpson
img38.jpg,barney_gumble
img380.jpg,abraham_grampa_simpson
img381.jpg,bart_simpson
img382.jpg,bart_simpson
img383.jpg,homer_simpson
img384.jpg,apu_nahasapeemapetilon
img385.jpg,bart_simpson
img386.jpg,abraham_grampa_simpson
img387.jpg,bart_simpson
img388.jpg,apu_nahasapeemapetilon
img389.jpg,apu_nahasapeemapetilon
img39.jpg,homer_simpson
img390.jpg,bart_simpson
img391.jpg,apu_nahasapeemapetilon
img392.jpg,agnes_skinner
img393.jpg,abraham_grampa_simpson
img394.jpg,bart_simpson
img395.jpg,agnes_skinner
img396.jpg,agnes_skinner
img397.jpg,apu_nahasapeemapetilon
img398.jpg,barney_gumble
img399.jpg,bart_simpson
img4.jpg,bart_simpson
img40.jpg,apu_nahasapeemapetilon
img400.jpg,abraham_grampa_simpson
img401.jpg,bart_simpson
img402.jpg,abraham_grampa_simpson
img403.jpg,homer_simpson
img404.jpg,apu_nahasapeemapetilon
img405.jpg,homer_simpson
img406.jpg,abraham_grampa_simpson
img407.jpg,homer_simpson
img408.jpg,homer_simpson
img409.jpg,agnes_skinner
img41.jpg,abraham_grampa_simpson
img410.jpg,barney_gumble
img411.jpg,apu_nahasapeemapetilon
img412.jpg,apu_nahasapeemapetilon
img413.jpg,homer_simpson
img414.jpg,apu_nahasapeemapetilon
img415.jpg,apu_nahasapeemapetilon
img416.jpg,agnes_skinner
img417.jpg,agnes_skinner
img418.jpg,bart_simpson
img419.jpg,agnes_skinner
img42.jpg,homer_simpson
img420.jpg,agnes_skinner
img421.jpg,bart_simpson
img422.jpg,barney_gumble
img423.jpg,barney_gumble
img424.jpg,agnes_skinner
img425.jpg,abraham_grampa_simpson
img426.jpg,apu_nahasapeemapetilon
img427.jpg,bart_simpson
img428.jpg,homer_simpson
img429.jpg,bart_simpson
img43.jpg,apu_nahasapeemapetilon
img430.jpg,apu_nahasapeemapetilon
img431.jpg,abraham_grampa_simpson
img432.jpg,abraham_grampa_simpson
img433.jpg,bart_simpson
img434.jpg,agnes_skinner
img435.jpg,apu_nahasapeemapetilon
img436.jpg,bart_simpson
img437.jpg,abraham_grampa_simpson
img438.jpg,abraham_grampa_simpson
img439.jpg,barney_gumble
img44.jpg,apu_nahasapeemapetilon
img440.jpg,apu_nahasapeemapetilon
img441.jpg,bart_simpson
img442.jpg,agnes_skinner
img443.jpg,apu_nahasapeemapetilon
img444.jpg,apu_nahasapeemapetilon
img445.jpg,abraham_grampa_simpson
img446.jpg,homer_simpson
img447.jpg,apu_nahasapeemapetilon
img448.jpg,apu_nahasapeemapetilon
img449.jpg,bart_simpson
img45.jpg,apu_nahasapeemapetilon
img450.jpg,apu_nahasapeemapetilon
img451.jpg,abraham_grampa_simpson
img452.jpg,apu_nahasapeemapetilon
img453.jpg,apu_nahasapeemapetilon
img454.jpg,agnes_skinner
img455.jpg,apu_nahasapeemapetilon
img456.jpg,agnes_skinner
img457.jpg,apu_nahasapeemapetilon
img458.jpg,homer_simpson
img459.jpg,apu_nahasapeemapetilon
img46.jpg,homer_simpson
img460.jpg,apu_nahasapeemapetilon
img461.jpg,abraham_grampa_simpson
img462.jpg,apu_nahasapeemapetilon
img463.jpg,barney_gumble
img464.jpg,apu_nahasapeemapetilon
img465.jpg,apu_nahasapeemapetilon
img466.jpg,agnes_skinner
img467.jpg,apu_nahasapeemapetilon
img468.jpg,apu_nahasapeemapetilon
img469.jpg,apu_nahasapeemapetilon
img47.jpg,apu_nahasapeemapetilon
img470.jpg,apu_nahasapeemapetilon
img471.jpg,agnes_skinner
img472.jpg,homer_simpson
img473.jpg,agnes_skinner
img474.jpg,agnes_skinner
img475.jpg,bart_simpson
img476.jpg,barney_gumble
img477.jpg,barney_gumble
img478.jpg,agnes_skinner
img479.jpg,apu_nahasapeemapetilon
img48.jpg,apu_nahasapeemapetilon
img480.jpg,apu_nahasapeemapetilon
img481.jpg,apu_nahasapeemapetilon
img482.jpg,barney_gumble
img483.jpg,abraham_grampa_simpson
img484.jpg,apu_nahasapeemapetilon
img485.jpg,abraham_grampa_simpson
img486.jpg,apu_nahasapeemapetilon
img487.jpg,barney_gumble
img488.jpg,barney_gumble
img489.jpg,abraham_grampa_simpson
img49.jpg,bart_simpson
img490.jpg,barney_gumble
img491.jpg,apu_nahasapeemapetilon
img492.jpg,abraham_grampa_simpson
img493.jpg,abraham_grampa_simpson
img494.jpg,agnes_skinner
img495.jpg,abraham_grampa_simpson
img496.jpg,barney_gumble
img497.jpg,apu_nahasapeemapetilon
img498.jpg,abraham_grampa_simpson
img499.jpg,abraham_grampa_simpson
img5.jpg,abraham_grampa_simpson
img50.jpg,bart_simpson
img500.jpg,abraham_grampa_simpson
img501.jpg,agnes_skinner
img502.jpg,abraham_grampa_simpson
img503.jpg,apu_nahasapeemapetilon
img504.jpg,bart_simpson
img505.jpg,abraham_grampa_simpson
img506.jpg,agnes_skinner
img507.jpg,homer_simpson
img508.jpg,apu_nahasapeemapetilon
img509.jpg,agnes_skinner
img51.jpg,agnes_skinner
img510.jpg,bart_simpson
img511.jpg,apu_nahasapeemapetilon
img512.jpg,apu_nahasapeemapetilon
img513.jpg,bart_simpson
img514.jpg,apu_nahasapeemapetilon
img515.jpg,abraham_grampa_simpson
img516.jpg,apu_nahasapeemapetilon
img517.jpg,abraham_grampa_simpson
img518.jpg,apu_nahasapeemapetilon
img519.jpg,apu_nahasapeemapetilon
img52.jpg,homer_simpson
img520.jpg,apu_nahasapeemapetilon
img521.jpg,apu_nahasapeemapetilon
img522.jpg,bart_simpson
img523.jpg,bart_simpson
img524.jpg,bart_simpson
img525.jpg,abraham_grampa_simpson
img526.jpg,apu_nahasapeemapetilon
img527.jpg,apu_nahasapeemapetilon
img528.jpg,apu_nahasapeemapetilon
img529.jpg,bart_simpson
img53.jpg,abraham_grampa_simpson
img530.jpg,apu_nahasapeemapetilon
img531.jpg,abraham_grampa_simpson
img532.jpg,abraham_grampa_simpson
img533.jpg,bart_simpson
img534.jpg,abraham_grampa_simpson
img535.jpg,apu_nahasapeemapetilon
img536.jpg,apu_nahasapeemapetilon
img537.jpg,homer_simpson
img538.jpg,homer_simpson
img539.jpg,apu_nahasapeemapetilon
img54.jpg,apu_nahasapeemapetilon
img540.jpg,apu_nahasapeemapetilon
img541.jpg,homer_simpson
img542.jpg,barney_gumble
img543.jpg,abraham_grampa_simpson
img544.jpg,homer_simpson
img545.jpg,homer_simpson
img546.jpg,homer_simpson
img547.jpg,apu_nahasapeemapetilon
img548.jpg,homer_simpson
img549.jpg,bart_simpson
img55.jpg,homer_simpson
img550.jpg,apu_nahasapeemapetilon
img551.jpg,barney_gumble
img552.jpg,bart_simpson
img553.jpg,homer_simpson
img554.jpg,apu_nahasapeemapetilon
img555.jpg,barney_gumble
img556.jpg,barney_gumble
img557.jpg,bart_simpson
img558.jpg,apu_nahasapeemapetilon
img559.jpg,apu_nahasapeemapetilon
img56.jpg,homer_simpson
img560.jpg,abraham_grampa_simpson
img561.jpg,agnes_skinner
img562.jpg,apu_nahasapeemapetilon
img563.jpg,abraham_grampa_simpson
img564.jpg,apu_nahasapeemapetilon
img565.jpg,barney_gumble
img566.jpg,barney_gumble
img567.jpg,homer_simpson
img568.jpg,abraham_grampa_simpson
img569.jpg,homer_simpson
img57.jpg,bart_simpson
img570.jpg,apu_nahasapeemapetilon
img571.jpg,bart_simpson
img572.jpg,abraham_grampa_simpson
img573.jpg,apu_nahasapeemapetilon
img574.jpg,abraham_grampa_simpson
img575.jpg,abraham_grampa_simpson
img576.jpg,bart_simpson
img577.jpg,abraham_grampa_simpson
img578.jpg,bart_simpson
img579.jpg,abraham_grampa_simpson
img58.jpg,abraham_grampa_simpson
img580.jpg,apu_nahasapeemapetilon
img581.jpg,bart_simpson
img582.jpg,bart_simpson
img583.jpg,abraham_grampa_simpson
img584.jpg,agnes_skinner
img585.jpg,apu_nahasapeemapetilon
img586.jpg,agnes_skinner
img587.jpg,apu_nahasapeemapetilon
img588.jpg,abraham_grampa_simpson
img589.jpg,apu_nahasapeemapetilon
img59.jpg,bart_simpson
img590.jpg,agnes_skinner
img591.jpg,homer_simpson
img592.jpg,apu_nahasapeemapetilon
img593.jpg,abraham_grampa_simpson
img594.jpg,barney_gumble
img595.jpg,apu_nahasapeemapetilon
img596.jpg,apu_nahasapeemapetilon
img597.jpg,homer_simpson
img598.jpg,apu_nahasapeemapetilon
img599.jpg,bart_simpson
img6.jpg,agnes_skinner
img60.jpg,apu_nahasapeemapetilon
img600.jpg,apu_nahasapeemapetilon
img601.jpg,apu_nahasapeemapetilon
img602.jpg,homer_simpson
img603.jpg,homer_simpson
img604.jpg,apu_nahasapeemapetilon
img605.jpg,apu_nahasapeemapetilon
img606.jpg,abraham_grampa_simpson
img607.jpg,homer_simpson
img608.jpg,apu_nahasapeemapetilon
img609.jpg,bart_simpson
img61.jpg,homer_simpson
img610.jpg,apu_nahasapeemapetilon
img611.jpg,abraham_grampa_simpson
img612.jpg,abraham_grampa_simpson
img613.jpg,abraham_grampa_simpson
img614.jpg,apu_nahasapeemapetilon
img615.jpg,abraham_grampa_simpson
img616.jpg,homer_simpson
img617.jpg,bart_simpson
img618.jpg,apu_nahasapeemapetilon
img619.jpg,bart_simpson
img62.jpg,apu_nahasapeemapetilon
img620.jpg,abraham_grampa_simpson
img621.jpg,bart_simpson
img622.jpg,apu_nahasapeemapetilon
img623.jpg,homer_simpson
img624.jpg,apu_nahasapeemapetilon
img625.jpg,homer_simpson
img626.jpg,abraham_grampa_simpson
img627.jpg,abraham_grampa_simpson
img628.jpg,apu_nahasapeemapetilon
img629.jpg,apu_nahasapeemapetilon
img63.jpg,abraham_grampa_simpson
img630.jpg,bart_simpson
img631.jpg,homer_simpson
img632.jpg,apu_nahasapeemapetilon
img633.jpg,abraham_grampa_simpson
img634.jpg,bart_simpson
img635.jpg,apu_nahasapeemapetilon
img636.jpg,homer_simpson
img637.jpg,bart_simpson
img638.jpg,bart_simpson
img639.jpg,homer_simpson
img64.jpg,apu_nahasapeemapetilon
img640.jpg,bart_simpson
img641.jpg,barney_gumble
img642.jpg,agnes_skinner
img643.jpg,barney_gumble
img644.jpg,apu_nahasapeemapetilon
img645.jpg,abraham_grampa_simpson
img646.jpg,barney_gumble
img647.jpg,bart_simpson
img648.jpg,abraham_grampa_simpson
img649.jpg,bart_simpson
img65.jpg,abraham_grampa_simpson
img650.jpg,apu_nahasapeemapetilon
img651.jpg,apu_nahasapeemapetilon
img652.jpg,apu_nahasapeemapetilon
img653.jpg,agnes_skinner
img654.jpg,bart_simpson
img655.jpg,agnes_skinner
img656.jpg,apu_nahasapeemapetilon
img657.jpg,homer_simpson
img658.jpg,apu_nahasapeemapetilon
img659.jpg,homer_simpson
img66.jpg,apu_nahasapeemapetilon
img660.jpg,homer_simpson
img661.jpg,abraham_grampa_simpson
img662.jpg,bart_simpson
img663.jpg,apu_nahasapeemapetilon
img664.jpg,bart_simpson
img665.jpg,agnes_skinner
img666.jpg,apu_nahasapeemapetilon
img667.jpg,abraham_grampa_simpson
img668.jpg,apu_nahasapeemapetilon
img669.jpg,agnes_skinner
img67.jpg,barney_gumble
img670.jpg,apu_nahasapeemapetilon
img671.jpg,apu_nahasapeemapetilon
img672.jpg,bart_simpson
img673.jpg,homer_simpson
img674.jpg,agnes_skinner
img675.jpg,barney_gumble
img676.jpg,bart_simpson
img677.jpg,abraham_grampa_simpson
img678.jpg,apu_nahasapeemapetilon
img679.jpg,abraham_grampa_simpson
img68.jpg,apu_nahasapeemapetilon
img680.jpg,apu_nahasapeemapetilon
img681.jpg,apu_nahasapeemapetilon
img682.jpg,homer_simpson
img683.jpg,bart_simpson
img684.jpg,apu_nahasapeemapetilon
img685.jpg,homer_simpson
img686.jpg,apu_nahasapeemapetilon
img687.jpg,apu_nahasapeemapetilon
img688.jpg,agnes_skinner
img689.jpg,bart_simpson
img69.jpg,bart_simpson
img690.jpg,bart_simpson
img691.jpg,agnes_skinner
img692.jpg,homer_simpson
img693.jpg,agnes_skinner
img694.jpg,homer_simpson
img695.jpg,abraham_grampa_simpson
img696.jpg,apu_nahasapeemapetilon
img697.jpg,apu_nahasapeemapetilon
img698.jpg,apu_nahasapeemapetilon
img699.jpg,bart_simpson
img7.jpg,apu_nahasapeemapetilon
img70.jpg,abraham_grampa_simpson
img700.jpg,abraham_grampa_simpson
img701.jpg,bart_simpson
img702.jpg,apu_nahasapeemapetilon
img703.jpg,barney_gumble
img704.jpg,apu_nahasapeemapetilon
img705.jpg,barney_gumble
img706.jpg,barney_gumble
img707.jpg,bart_simpson
img708.jpg,apu_nahasapeemapetilon
img709.jpg,abraham_grampa_simpson
img71.jpg,bart_simpson
img710.jpg,apu_nahasapeemapetilon
img711.jpg,abraham_grampa_simpson
img712.jpg,barney_gumble
img713.jpg,bart_simpson
img714.jpg,apu_nahasapeemapetilon
img715.jpg,apu_nahasapeemapetilon
img716.jpg,barney_gumble
img717.jpg,barney_gumble
img718.jpg,apu_nahasapeemapetilon
img719.jpg,apu_nahasapeemapetilon
img72.jpg,homer_simpson
img720.jpg,abraham_grampa_simpson
img721.jpg,barney_gumble
img722.jpg,agnes_skinner
img723.jpg,homer_simpson
img724.jpg,apu_nahasapeemapetilon
img725.jpg,agnes_skinner
img726.jpg,abraham_grampa_simpson
img727.jpg,abraham_grampa_simpson
img728.jpg,homer_simpson
img729.jpg,bart_simpson
img73.jpg,bart_simpson
img730.jpg,apu_nahasapeemapetilon
img731.jpg,apu_nahasapeemapetilon
img732.jpg,agnes_skinner
img733.jpg,homer_simpson
img734.jpg,homer_simpson
img735.jpg,agnes_skinner
img736.jpg,apu_nahasapeemapetilon
img737.jpg,apu_nahasapeemapetilon
img738.jpg,homer_simpson
img739.jpg,bart_simpson
img74.jpg,abraham_grampa_simpson
img740.jpg,abraham_grampa_simpson
img741.jpg,apu_nahasapeemapetilon
img742.jpg,apu_nahasapeemapetilon
img743.jpg,homer_simpson
img744.jpg,abraham_grampa_simpson
img745.jpg,agnes_skinner
img746.jpg,bart_simpson
img747.jpg,apu_nahasapeemapetilon
img748.jpg,abraham_grampa_simpson
img749.jpg,apu_nahasapeemapetilon
img75.jpg,abraham_grampa_simpson
img750.jpg,apu_nahasapeemapetilon
img751.jpg,apu_nahasapeemapetilon
img752.jpg,bart_simpson
img753.jpg,agnes_skinner
img754.jpg,barney_gumble
img755.jpg,apu_nahasapeemapetilon
img756.jpg,barney_gumble
img757.jpg,apu_nahasapeemapetilon
img758.jpg,apu_nahasapeemapetilon
img759.jpg,abraham_grampa_simpson
img76.jpg,bart_simpson
img760.jpg,abraham_grampa_simpson
img761.jpg,apu_nahasapeemapetilon
img762.jpg,barney_gumble
img763.jpg,abraham_grampa_simpson
img764.jpg,apu_nahasapeemapetilon
img765.jpg,apu_nahasapeemapetilon
img766.jpg,bart_simpson
img767.jpg,bart_simpson
img768.jpg,bart_simpson
img769.jpg,agnes_skinner
img77.jpg,barney_gumble
img770.jpg,abraham_grampa_simpson
img771.jpg,bart_simpson
img772.jpg,apu_nahasapeemapetilon
img773.jpg,abraham_grampa_simpson
img774.jpg,abraham_grampa_simpson
img775.jpg,barney_gumble
img776.jpg,barney_gumble
img777.jpg,bart_simpson
img778.jpg,abraham_grampa_simpson
img779.jpg,bart_simpson
img78.jpg,agnes_skinner
img780.jpg,agnes_skinner
img781.jpg,agnes_skinner
img782.jpg,apu_nahasapeemapetilon
img783.jpg,barney_gumble
img784.jpg,barney_gumble
img785.jpg,apu_nahasapeemapetilon
img786.jpg,apu_nahasapeemapetilon
img787.jpg,barney_gumble
img788.jpg,apu_nahasapeemapetilon
img789.jpg,apu_nahasapeemapetilon
img79.jpg,apu_nahasapeemapetilon
img790.jpg,agnes_skinner
img791.jpg,homer_simpson
img792.jpg,bart_simpson
img793.jpg,homer_simpson
img794.jpg,apu_nahasapeemapetilon
img795.jpg,apu_nahasapeemapetilon
img796.jpg,homer_simpson
img797.jpg,bart_simpson
img798.jpg,barney_gumble
img799.jpg,abraham_grampa_simpson
img8.jpg,bart_simpson
img80.jpg,barney_gumble
img800.jpg,abraham_grampa_simpson
img801.jpg,apu_nahasapeemapetilon
img802.jpg,apu_nahasapeemapetilon
img803.jpg,abraham_grampa_simpson
img804.jpg,apu_nahasapeemapetilon
img805.jpg,abraham_grampa_simpson
img806.jpg,apu_nahasapeemapetilon
img807.jpg,apu_nahasapeemapetilon
img808.jpg,apu_nahasapeemapetilon
img809.jpg,apu_nahasapeemapetilon
img81.jpg,apu_nahasapeemapetilon
img810.jpg,abraham_grampa_simpson
img811.jpg,apu_nahasapeemapetilon
img812.jpg,apu_nahasapeemapetilon
img813.jpg,apu_nahasapeemapetilon
img814.jpg,bart_simpson
img815.jpg,apu_nahasapeemapetilon
img816.jpg,bart_simpson
img817.jpg,apu_nahasapeemapetilon
img818.jpg,homer_simpson
img819.jpg,bart_simpson
img82.jpg,bart_simpson
img820.jpg,abraham_grampa_simpson
img821.jpg,abraham_grampa_simpson
img822.jpg,apu_nahasapeemapetilon
img823.jpg,apu_nahasapeemapetilon
img824.jpg,apu_nahasapeemapetilon
img825.jpg,abraham_grampa_simpson
img826.jpg,apu_nahasapeemapetilon
img827.jpg,barney_gumble
img828.jpg,homer_simpson
img829.jpg,agnes_skinner
img83.jpg,apu_nahasapeemapetilon
img830.jpg,abraham_grampa_simpson
img831.jpg,apu_nahasapeemapetilon
img832.jpg,apu_nahasapeemapetilon
img833.jpg,apu_nahasapeemapetilon
img834.jpg,apu_nahasapeemapetilon
img835.jpg,bart_simpson
img836.jpg,apu_nahasapeemapetilon
img837.jpg,bart_simpson
img838.jpg,abraham_grampa_simpson
img839.jpg,agnes_skinner
img84.jpg,apu_nahasapeemapetilon
img840.jpg,agnes_skinner
img841.jpg,abraham_grampa_simpson
img842.jpg,abraham_grampa_simpson
img843.jpg,agnes_skinner
img844.jpg,bart_simpson
img845.jpg,abraham_grampa_simpson
img846.jpg,homer_simpson
img847.jpg,apu_nahasapeemapetilon
img848.jpg,abraham_grampa_simpson
img849.jpg,agnes_skinner
img85.jpg,bart_simpson
img850.jpg,barney_gumble
img851.jpg,agnes_skinner
img852.jpg,bart_simpson
img853.jpg,abraham_grampa_simpson
img854.jpg,abraham_grampa_simpson
img855.jpg,homer_simpson
img856.jpg,barney_gumble
img857.jpg,apu_nahasapeemapetilon
img858.jpg,apu_nahasapeemapetilon
img859.jpg,abraham_grampa_simpson
img86.jpg,bart_simpson
img860.jpg,apu_nahasapeemapetilon
img861.jpg,bart_simpson
img862.jpg,bart_simpson
img863.jpg,abraham_grampa_simpson
img864.jpg,apu_nahasapeemapetilon
img865.jpg,agnes_skinner
img866.jpg,bart_simpson
img867.jpg,apu_nahasapeemapetilon
img868.jpg,apu_nahasapeemapetilon
img869.jpg,homer_simpson
img87.jpg,abraham_grampa_simpson
img870.jpg,homer_simpson
img871.jpg,barney_gumble
img872.jpg,apu_nahasapeemapetilon
img873.jpg,homer_simpson
img874.jpg,agnes_skinner
img875.jpg,homer_simpson
img876.jpg,apu_nahasapeemapetilon
img877.jpg,apu_nahasapeemapetilon
img878.jpg,apu_nahasapeemapetilon
img879.jpg,abraham_grampa_simpson
img88.jpg,bart_simpson
img880.jpg,abraham_grampa_simpson
img881.jpg,abraham_grampa_simpson
img882.jpg,apu_nahasapeemapetilon
img883.jpg,apu_nahasapeemapetilon
img884.jpg,apu_nahasapeemapetilon
img885.jpg,bart_simpson
img886.jpg,apu_nahasapeemapetilon
img887.jpg,bart_simpson
img888.jpg,abraham_grampa_simpson
img889.jpg,barney_gumble
img89.jpg,abraham_grampa_simpson
img890.jpg,apu_nahasapeemapetilon
img891.jpg,bart_simpson
img892.jpg,homer_simpson
img893.jpg,apu_nahasapeemapetilon
img894.jpg,abraham_grampa_simpson
img895.jpg,abraham_grampa_simpson
img896.jpg,barney_gumble
img897.jpg,bart_simpson
img898.jpg,abraham_grampa_simpson
img899.jpg,apu_nahasapeemapetilon
img9.jpg,homer_simpson
img90.jpg,abraham_grampa_simpson
img900.jpg,homer_simpson
img901.jpg,apu_nahasapeemapetilon
img902.jpg,agnes_skinner
img903.jpg,homer_simpson
img904.jpg,barney_gumble
img905.jpg,apu_nahasapeemapetilon
img906.jpg,abraham_grampa_simpson
img907.jpg,apu_nahasapeemapetilon
img908.jpg,agnes_skinner
img909.jpg,abraham_grampa_simpson
img91.jpg,homer_simpson
img910.jpg,barney_gumble
img911.jpg,bart_simpson
img912.jpg,apu_nahasapeemapetilon
img913.jpg,abraham_grampa_simpson
img914.jpg,bart_simpson
img915.jpg,abraham_grampa_simpson
img916.jpg,barney_gumble
img917.jpg,apu_nahasapeemapetilon
img918.jpg,abraham_grampa_simpson
img919.jpg,apu_nahasapeemapetilon
img92.jpg,abraham_grampa_simpson
img920.jpg,barney_gumble
img921.jpg,barney_gumble
img922.jpg,agnes_skinner
img923.jpg,agnes_skinner
img924.jpg,agnes_skinner
img925.jpg,homer_simpson
img926.jpg,barney_gumble
img927.jpg,bart_simpson
img928.jpg,bart_simpson
img929.jpg,apu_nahasapeemapetilon
img93.jpg,bart_simpson
img930.jpg,abraham_grampa_simpson
img931.jpg,apu_nahasapeemapetilon
img932.jpg,apu_nahasapeemapetilon
img933.jpg,apu_nahasapeemapetilon
img934.jpg,barney_gumble
img935.jpg,bart_simpson
img936.jpg,homer_simpson
img937.jpg,apu_nahasapeemapetilon
img938.jpg,homer_simpson
img939.jpg,bart_simpson
img94.jpg,bart_simpson
img940.jpg,apu_nahasapeemapetilon
img941.jpg,abraham_grampa_simpson
img942.jpg,homer_simpson
img943.jpg,apu_nahasapeemapetilon
img944.jpg,apu_nahasapeemapetilon
img945.jpg,homer_simpson
img946.jpg,apu_nahasapeemapetilon
img947.jpg,barney_gumble
img948.jpg,agnes_skinner
img949.jpg,apu_nahasapeemapetilon
img95.jpg,homer_simpson
img950.jpg,bart_simpson
img951.jpg,abraham_grampa_simpson
img952.jpg,bart_simpson
img953.jpg,homer_simpson
img954.jpg,homer_simpson
img955.jpg,apu_nahasapeemapetilon
img956.jpg,apu_nahasapeemapetilon
img957.jpg,bart_simpson
img958.jpg,apu_nahasapeemapetilon
img959.jpg,apu_nahasapeemapetilon
img96.jpg,abraham_grampa_simpson
img960.jpg,abraham_grampa_simpson
img961.jpg,apu_nahasapeemapetilon
img962.jpg,agnes_skinner
img963.jpg,apu_nahasapeemapetilon
img964.jpg,apu_nahasapeemapetilon
img965.jpg,agnes_skinner
img966.jpg,abraham_grampa_simpson
img967.jpg,apu_nahasapeemapetilon
img968.jpg,homer_simpson
img969.jpg,abraham_grampa_simpson
img97.jpg,apu_nahasapeemapetilon
img970.jpg,barney_gumble
img971.jpg,apu_nahasapeemapetilon
img972.jpg,apu_nahasapeemapetilon
img973.jpg,apu_nahasapeemapetilon
img974.jpg,barney_gumble
img975.jpg,bart_simpson
img976.jpg,bart_simpson
img977.jpg,apu_nahasapeemapetilon
img978.jpg,homer_simpson
img979.jpg,apu_nahasapeemapetilon
img98.jpg,homer_simpson
img980.jpg,apu_nahasapeemapetilon
img981.jpg,bart_simpson
img982.jpg,barney_gumble
img983.jpg,agnes_skinner
img984.jpg,apu_nahasapeemapetilon
img985.jpg,apu_nahasapeemapetilon
img986.jpg,homer_simpson
img987.jpg,abraham_grampa_simpson
img988.jpg,apu_nahasapeemapetilon
img989.jpg,agnes_skinner
img99.jpg,homer_simpson
img990.jpg,apu_nahasapeemapetilon
